{"cameraMode":{"drawMode":0,"name":"Shaded","section":"Shading Mode"},"sceneLighting":true,"audioPlay":false,"sceneViewState":{"showFog":true,"showMaterialUpdate":false,"showSkybox":true,"showFlares":true,"showImageEffects":true,"showParticleSystems":true},"in2DMode":false,"pivot":{"x":16.504274368286134,"y":3.8951644897460939,"z":-33.51984405517578},"rotation":{"x":-0.053396522998809817,"y":0.9437003135681152,"z":-0.2657557427883148,"w":-0.1896113008260727},"size":71.3610610961914,"orthographic":false}